contrast,block,baseline_bcast,baseline_depth,candidate_bcast,candidate_depth,baseline_gflops,candidate_gflops,includes_resumed_run,gflops_change_pct,runtime_speedup
DEPTH_at_BCAST1,1,1,0,1,1,69.898,65.972,False,-5.61675584423017,0.9437509875177753
DEPTH_at_BCAST1,2,1,0,1,1,57.415,55.856,False,-2.715318296612379,0.9728428093645485
DEPTH_at_BCAST1,3,1,0,1,1,52.269,56.919,False,8.896286517821261,1.089025221540559
DEPTH_at_BCAST3,1,3,0,3,1,68.953,65.167,False,-5.490696561425901,0.9450600905259873
DEPTH_at_BCAST3,2,3,0,3,1,66.021,64.584,False,-2.176580179033938,0.9781902552204176
DEPTH_at_BCAST3,3,3,0,3,1,57.627,81.838,True,42.01329238030782,1.420031360250882
BCAST_at_DEPTH0,1,1,0,3,0,69.898,68.953,False,-1.351970013448156,0.9864574731626755
BCAST_at_DEPTH0,2,1,0,3,0,57.415,66.021,False,14.989114342941745,1.1499051233396584
BCAST_at_DEPTH0,3,1,0,3,0,52.269,57.627,False,10.250817884405672,1.1025534851621808
BCAST_at_DEPTH1,1,1,1,3,1,65.972,65.167,False,-1.220214636512451,0.9878258155142814
BCAST_at_DEPTH1,2,1,1,3,1,55.856,64.584,False,15.62589515898023,1.1562258313998452
BCAST_at_DEPTH1,3,1,1,3,1,56.919,81.838,True,43.77975719882641,1.4376715013720107
combined_candidate,1,1,0,3,1,69.898,65.167,False,-6.768434003834156,0.9322615888871547
combined_candidate,2,1,0,3,1,57.415,64.584,False,12.48628407210659,1.1248259860788863
combined_candidate,3,1,0,3,1,52.269,81.838,True,56.570816353861744,1.5656605252842022
